1000,drone-1000,hola1234
1001,drone-1001,randomstr1001
1002,drone-1002,randomstr1002
1003,drone-1003,randomstr1003
1004,drone-1004,randomstr1004
1005,drone-1005,randomstr1005
1006,drone-1006,randomstr1006
1007,drone-1007,randomstr1007
1008,drone-1008,randomstr1008
1009,drone-1009,randomstr1009
1010,drone-1010,randomstr1010
1011,drone-1011,randomstr1011
1012,drone-1012,randomstr1012
1013,drone-1013,randomstr1013
1014,drone-1014,randomstr1014
1015,drone-1015,randomstr1015
1016,drone-1016,randomstr1016
1017,drone-1017,randomstr1017
1018,drone-1018,randomstr1018
1019,drone-1019,randomstr1019
1020,drone-1020,randomstr1020
1021,drone-1021,randomstr1021
1022,drone-1022,randomstr1022
1023,drone-1023,randomstr1023
1024,drone-1024,randomstr1024
1025,drone-1025,randomstr1025
1026,drone-1026,randomstr1026
1027,drone-1027,randomstr1027
1028,drone-1028,randomstr1028
1029,drone-1029,randomstr1029
1030,drone-1030,randomstr1030
1031,drone-1031,randomstr1031
1032,drone-1032,randomstr1032
1033,drone-1033,randomstr1033
1034,drone-1034,randomstr1034
1035,drone-1035,randomstr1035
1000,drone-1000,randomstr1000
1036,drone-1036,randomstr1036
1037,drone-1037,randomstr1037
1038,drone-1038,randomstr1038
1039,drone-1039,randomstr1039
1040,drone-1040,randomstr1040
1041,drone-1041,randomstr1041
1042,drone-1042,randomstr1042
1043,drone-1043,randomstr1043
1044,drone-1044,randomstr1044
1045,drone-1045,randomstr1045
1046,drone-1046,randomstr1046
1047,drone-1047,randomstr1047
1048,drone-1048,randomstr1048
1049,drone-1049,randomstr1049
1050,drone-1050,randomstr1050
1051,drone-1051,randomstr1051
1052,drone-1052,randomstr1052
1053,drone-1053,randomstr1053
1054,drone-1054,randomstr1054
1055,drone-1055,randomstr1055
1056,drone-1056,randomstr1056
1057,drone-1057,randomstr1057
1058,drone-1058,randomstr1058
1059,drone-1059,randomstr1059
1060,drone-1060,randomstr1060
1061,drone-1061,randomstr1061
1062,drone-1062,randomstr1062
1063,drone-1063,randomstr1063
1064,drone-1064,randomstr1064
1065,drone-1065,randomstr1065
1066,drone-1066,randomstr1066
1067,drone-1067,randomstr1067
1068,drone-1068,randomstr1068
1069,drone-1069,randomstr1069
1070,drone-1070,randomstr1070
1071,drone-1071,randomstr1071
1072,drone-1072,randomstr1072
1073,drone-1073,randomstr1073
1074,drone-1074,randomstr1074
1075,drone-1075,randomstr1075
1076,drone-1076,randomstr1076
1077,drone-1077,randomstr1077
1078,drone-1078,randomstr1078
1079,drone-1079,randomstr1079
1080,drone-1080,randomstr1080
1081,drone-1081,randomstr1081
1082,drone-1082,randomstr1082
1083,drone-1083,randomstr1083
1084,drone-1084,randomstr1084
1085,drone-1085,randomstr1085
1086,drone-1086,randomstr1086
1087,drone-1087,randomstr1087
1088,drone-1088,randomstr1088
1089,drone-1089,randomstr1089
1090,drone-1090,randomstr1090
1091,drone-1091,randomstr1091
1092,drone-1092,randomstr1092
1093,drone-1093,randomstr1093
1094,drone-1094,randomstr1094
1095,drone-1095,randomstr1095
1096,drone-1096,randomstr1096
1097,drone-1097,randomstr1097
1098,drone-1098,randomstr1098
1099,drone-1099,randomstr1099
1100,drone-1100,randomstr1100
