245,drone-245,9261b441-7
301,drone-301,34a98ed6-5
105,drone-105,eaf2fc69-9
106,drone-106,64a5689a-e
107,drone-107,d1010fe8-d
108,drone-108,b9e4ea42-4
109,drone-109,81ee130e-4
110,drone-110,3f2a2305-4
1,drone-10,36dc7189-5
2,drone-10,e1bcd1ee-a
3,drone-10,2c6c5994-8
4,drone-10,56db6cb3-1
5,drone-10,228fafdd-4
6,drone-10,3ab6eae5-c
7,drone-10,31ad68ce-a
8,drone-10,7130563b-c
9,drone-10,5dd76bdc-5
400,drone-10,9fd924b8-d
401,drone-10,f5839e39-a
402,drone-10,fc5c795e-6
403,drone-10,74e95ca1-9
404,drone-10,b647495d-6
405,drone-10,2590bc3d-d
406,drone-10,e20ac80b-7
407,drone-10,c125c285-f
408,drone-10,4ceb5752-a
409,drone-10,3a3ef3a9-a
419,drone-10,9f715c5c-2
410,drone-10,5151d4fa-4
412,drone-10,25b017b8-7
416,drone-10,17552904-4
418,drone-10,f69e29ef-4
411,drone-10,5cde47c6-2
414,drone-10,fe3000dd-9
417,drone-10,69b98f0e-c
413,drone-10,de15bc7a-4
415,drone-10,0d5fc694-c
424,drone-424,4288744e-3
443,drone-443,0ea35769-4
468,drone-468,f0c8846c-5
440,drone-440,3810e6d4-0
453,drone-453,1277e535-5
428,drone-428,9a07a88a-d
436,drone-436,9c453d64-3
454,drone-454,0b449618-9
432,drone-432,d3a023f4-2
437,drone-437,b6f221d0-c
460,drone-460,c854a89d-0
464,drone-464,f7ea304b-9
444,drone-444,f2fb4d39-2
426,drone-426,d3c25e8e-6
425,drone-425,d991c420-9
435,drone-435,853961cd-4
445,drone-445,1c5c0209-0
434,drone-434,e0dd8182-9
447,drone-447,7062de82-d
456,drone-456,fad2657a-b
446,drone-446,c5cc2d04-c
421,drone-421,27d433e6-8
441,drone-441,4286e2d9-1
439,drone-439,6f5fd189-d
448,drone-448,5f7f1043-a
427,drone-427,42bf03bc-4
442,drone-442,e6e37013-4
430,drone-430,a22fc587-a
459,drone-459,3c920d2a-c
469,drone-469,43502340-b
422,drone-422,8bd92a29-7
452,drone-452,786d2c2e-4
429,drone-429,a95993ad-1
455,drone-455,95b7a84a-a
423,drone-423,9f21b0f3-1
431,drone-431,9f7210ab-2
450,drone-450,d12e79b6-5
462,drone-462,a35c0a88-6
463,drone-463,d4952bec-e
465,drone-465,b8b9193d-4
458,drone-458,e15f78f7-a
420,drone-420,89301638-8
451,drone-451,e6ab8322-9
461,drone-461,c804c40f-e
438,drone-438,986007fd-c
467,drone-467,5d6b6497-7
449,drone-449,b5cd6b3f-3
466,drone-466,87889c22-1
457,drone-457,1a06c7ee-b
433,drone-433,04a924fb-3
1000,drone-1000,hola1234
1001,drone-1001,randomstr1001
1002,drone-1002,randomstr1002
1003,drone-1003,randomstr1003
1004,drone-1004,randomstr1004
1005,drone-1005,randomstr1005
1006,drone-1006,randomstr1006
1007,drone-1007,randomstr1007
1008,drone-1008,randomstr1008
1009,drone-1009,randomstr1009
1010,drone-1010,randomstr1010
1011,drone-1011,randomstr1011
1012,drone-1012,randomstr1012
1013,drone-1013,randomstr1013
1014,drone-1014,randomstr1014
1015,drone-1015,randomstr1015
1016,drone-1016,randomstr1016
1017,drone-1017,randomstr1017
1018,drone-1018,randomstr1018
1019,drone-1019,randomstr1019
1020,drone-1020,randomstr1020
1021,drone-1021,randomstr1021
1022,drone-1022,randomstr1022
1023,drone-1023,randomstr1023
1024,drone-1024,randomstr1024
1025,drone-1025,randomstr1025
1026,drone-1026,randomstr1026
1027,drone-1027,randomstr1027
1028,drone-1028,randomstr1028
1029,drone-1029,randomstr1029
1030,drone-1030,randomstr1030
1031,drone-1031,randomstr1031
1032,drone-1032,randomstr1032
1033,drone-1033,randomstr1033
1034,drone-1034,randomstr1034
1035,drone-1035,randomstr1035
1000,drone-1000,randomstr1000
1036,drone-1036,randomstr1036
1037,drone-1037,randomstr1037
1038,drone-1038,randomstr1038
1039,drone-1039,randomstr1039
1040,drone-1040,randomstr1040
1041,drone-1041,randomstr1041
1042,drone-1042,randomstr1042
1043,drone-1043,randomstr1043
1044,drone-1044,randomstr1044
1045,drone-1045,randomstr1045
1046,drone-1046,randomstr1046
1047,drone-1047,randomstr1047
1048,drone-1048,randomstr1048
1049,drone-1049,randomstr1049
1050,drone-1050,randomstr1050
1051,drone-1051,randomstr1051
1052,drone-1052,randomstr1052
1053,drone-1053,randomstr1053
1054,drone-1054,randomstr1054
1055,drone-1055,randomstr1055
1056,drone-1056,randomstr1056
1057,drone-1057,randomstr1057
1058,drone-1058,randomstr1058
1059,drone-1059,randomstr1059
1060,drone-1060,randomstr1060
1061,drone-1061,randomstr1061
1062,drone-1062,randomstr1062
1063,drone-1063,randomstr1063
1064,drone-1064,randomstr1064
1065,drone-1065,randomstr1065
1066,drone-1066,randomstr1066
1067,drone-1067,randomstr1067
1068,drone-1068,randomstr1068
1069,drone-1069,randomstr1069
1070,drone-1070,randomstr1070
1071,drone-1071,randomstr1071
1072,drone-1072,randomstr1072
1073,drone-1073,randomstr1073
1074,drone-1074,randomstr1074
1075,drone-1075,randomstr1075
1076,drone-1076,randomstr1076
1077,drone-1077,randomstr1077
1078,drone-1078,randomstr1078
1079,drone-1079,randomstr1079
1080,drone-1080,randomstr1080
1081,drone-1081,randomstr1081
1082,drone-1082,randomstr1082
1083,drone-1083,randomstr1083
1084,drone-1084,randomstr1084
1085,drone-1085,randomstr1085
1086,drone-1086,randomstr1086
1087,drone-1087,randomstr1087
1088,drone-1088,randomstr1088
1089,drone-1089,randomstr1089
1090,drone-1090,randomstr1090
1091,drone-1091,randomstr1091
1092,drone-1092,randomstr1092
1093,drone-1093,randomstr1093
1094,drone-1094,randomstr1094
1095,drone-1095,randomstr1095
1096,drone-1096,randomstr1096
1097,drone-1097,randomstr1097
1098,drone-1098,randomstr1098
1099,drone-1099,randomstr1099
1100,drone-1100,randomstr1100
